id,eng_query,sql_query,parent_id,complexity
-1,total units on back order by location,"select [Inventory Master Locations].LOCATION, sum([Inventory Location Information].UBO) from [Inventory Location Information] join [Inventory Master Locations] on [Inventory Master Locations].LOCATION = [Inventory Location Information].location group by [Inventory Master Locations].LOCATION",1270,w0_g1
-1,top 'duckling_amount0' total units on back order by location,"select top 'duckling_amount0' [Inventory Master Locations].LOCATION, sum([Inventory Location Information].UBO) from [Inventory Location Information] join [Inventory Master Locations] on [Inventory Master Locations].LOCATION = [Inventory Location Information].location group by [Inventory Master Locations].LOCATION order by sum([Inventory Location Information].UBO) desc",1270,w0_g1
-1,bottom 'duckling_amount0' total units on back order by location,"select top 'duckling_amount0' [Inventory Master Locations].LOCATION, sum([Inventory Location Information].UBO) from [Inventory Location Information] join [Inventory Master Locations] on [Inventory Master Locations].LOCATION = [Inventory Location Information].location group by [Inventory Master Locations].LOCATION order by sum([Inventory Location Information].UBO) asc",1270,w0_g1
-1,top total units on back order by location,"select top 5 [Inventory Master Locations].LOCATION, sum([Inventory Location Information].UBO) from [Inventory Location Information] join [Inventory Master Locations] on [Inventory Master Locations].LOCATION = [Inventory Location Information].location group by [Inventory Master Locations].LOCATION order by sum([Inventory Location Information].UBO) desc",1270,w0_g1
-1,bottom total units on back order by location,"select top 5 [Inventory Master Locations].LOCATION, sum([Inventory Location Information].UBO) from [Inventory Location Information] join [Inventory Master Locations] on [Inventory Master Locations].LOCATION = [Inventory Location Information].location group by [Inventory Master Locations].LOCATION order by sum([Inventory Location Information].UBO) asc",1270,w0_g1
-1,total units on back order by description,"select [Inventory Master Locations].DESCRIPTION, sum([Inventory Location Information].UBO) from [Inventory Location Information] join [Inventory Master Locations] on [Inventory Master Locations].LOCATION = [Inventory Location Information].location group by [Inventory Master Locations].DESCRIPTION",1270,w0_g1
-1,top 'duckling_amount0' total units on back order by description,"select top 'duckling_amount0' [Inventory Master Locations].DESCRIPTION, sum([Inventory Location Information].UBO) from [Inventory Location Information] join [Inventory Master Locations] on [Inventory Master Locations].LOCATION = [Inventory Location Information].location group by [Inventory Master Locations].DESCRIPTION order by sum([Inventory Location Information].UBO) desc",1270,w0_g1
-1,bottom 'duckling_amount0' total units on back order by description,"select top 'duckling_amount0' [Inventory Master Locations].DESCRIPTION, sum([Inventory Location Information].UBO) from [Inventory Location Information] join [Inventory Master Locations] on [Inventory Master Locations].LOCATION = [Inventory Location Information].location group by [Inventory Master Locations].DESCRIPTION order by sum([Inventory Location Information].UBO) asc",1270,w0_g1
-1,top total units on back order by description,"select top 5 [Inventory Master Locations].DESCRIPTION, sum([Inventory Location Information].UBO) from [Inventory Location Information] join [Inventory Master Locations] on [Inventory Master Locations].LOCATION = [Inventory Location Information].location group by [Inventory Master Locations].DESCRIPTION order by sum([Inventory Location Information].UBO) desc",1270,w0_g1
-1,bottom total units on back order by description,"select top 5 [Inventory Master Locations].DESCRIPTION, sum([Inventory Location Information].UBO) from [Inventory Location Information] join [Inventory Master Locations] on [Inventory Master Locations].LOCATION = [Inventory Location Information].location group by [Inventory Master Locations].DESCRIPTION order by sum([Inventory Location Information].UBO) asc",1270,w0_g1
-1,total units on back order by product code,"select [Inventory Location Information].ProdCode, sum([Inventory Location Information].UBO) from [Inventory Location Information] join [Inventory Master Locations] on [Inventory Master Locations].LOCATION = [Inventory Location Information].location group by [Inventory Location Information].ProdCode",1270,w0_g1
-1,top 'duckling_amount0' total units on back order by product code,"select top 'duckling_amount0' [Inventory Location Information].ProdCode, sum([Inventory Location Information].UBO) from [Inventory Location Information] join [Inventory Master Locations] on [Inventory Master Locations].LOCATION = [Inventory Location Information].location group by [Inventory Location Information].ProdCode order by sum([Inventory Location Information].UBO) desc",1270,w0_g1
-1,bottom 'duckling_amount0' total units on back order by product code,"select top 'duckling_amount0' [Inventory Location Information].ProdCode, sum([Inventory Location Information].UBO) from [Inventory Location Information] join [Inventory Master Locations] on [Inventory Master Locations].LOCATION = [Inventory Location Information].location group by [Inventory Location Information].ProdCode order by sum([Inventory Location Information].UBO) asc",1270,w0_g1
-1,top total units on back order by product code,"select top 5 [Inventory Location Information].ProdCode, sum([Inventory Location Information].UBO) from [Inventory Location Information] join [Inventory Master Locations] on [Inventory Master Locations].LOCATION = [Inventory Location Information].location group by [Inventory Location Information].ProdCode order by sum([Inventory Location Information].UBO) desc",1270,w0_g1
-1,bottom total units on back order by product code,"select top 5 [Inventory Location Information].ProdCode, sum([Inventory Location Information].UBO) from [Inventory Location Information] join [Inventory Master Locations] on [Inventory Master Locations].LOCATION = [Inventory Location Information].location group by [Inventory Location Information].ProdCode order by sum([Inventory Location Information].UBO) asc",1270,w0_g1
-1,total units on back order by bin,"select [Inventory Location Information].BIN, sum([Inventory Location Information].UBO) from [Inventory Location Information] join [Inventory Master Locations] on [Inventory Master Locations].LOCATION = [Inventory Location Information].location group by [Inventory Location Information].BIN",1270,w0_g1
-1,top 'duckling_amount0' total units on back order by bin,"select top 'duckling_amount0' [Inventory Location Information].BIN, sum([Inventory Location Information].UBO) from [Inventory Location Information] join [Inventory Master Locations] on [Inventory Master Locations].LOCATION = [Inventory Location Information].location group by [Inventory Location Information].BIN order by sum([Inventory Location Information].UBO) desc",1270,w0_g1
-1,bottom 'duckling_amount0' total units on back order by bin,"select top 'duckling_amount0' [Inventory Location Information].BIN, sum([Inventory Location Information].UBO) from [Inventory Location Information] join [Inventory Master Locations] on [Inventory Master Locations].LOCATION = [Inventory Location Information].location group by [Inventory Location Information].BIN order by sum([Inventory Location Information].UBO) asc",1270,w0_g1
-1,top total units on back order by bin,"select top 5 [Inventory Location Information].BIN, sum([Inventory Location Information].UBO) from [Inventory Location Information] join [Inventory Master Locations] on [Inventory Master Locations].LOCATION = [Inventory Location Information].location group by [Inventory Location Information].BIN order by sum([Inventory Location Information].UBO) desc",1270,w0_g1
-1,bottom total units on back order by bin,"select top 5 [Inventory Location Information].BIN, sum([Inventory Location Information].UBO) from [Inventory Location Information] join [Inventory Master Locations] on [Inventory Master Locations].LOCATION = [Inventory Location Information].location group by [Inventory Location Information].BIN order by sum([Inventory Location Information].UBO) asc",1270,w0_g1
-1,total units on back order by shelf,"select [Inventory Location Information].SHELF, sum([Inventory Location Information].UBO) from [Inventory Location Information] join [Inventory Master Locations] on [Inventory Master Locations].LOCATION = [Inventory Location Information].location group by [Inventory Location Information].SHELF",1270,w0_g1
-1,top 'duckling_amount0' total units on back order by shelf,"select top 'duckling_amount0' [Inventory Location Information].SHELF, sum([Inventory Location Information].UBO) from [Inventory Location Information] join [Inventory Master Locations] on [Inventory Master Locations].LOCATION = [Inventory Location Information].location group by [Inventory Location Information].SHELF order by sum([Inventory Location Information].UBO) desc",1270,w0_g1
-1,bottom 'duckling_amount0' total units on back order by shelf,"select top 'duckling_amount0' [Inventory Location Information].SHELF, sum([Inventory Location Information].UBO) from [Inventory Location Information] join [Inventory Master Locations] on [Inventory Master Locations].LOCATION = [Inventory Location Information].location group by [Inventory Location Information].SHELF order by sum([Inventory Location Information].UBO) asc",1270,w0_g1
-1,top total units on back order by shelf,"select top 5 [Inventory Location Information].SHELF, sum([Inventory Location Information].UBO) from [Inventory Location Information] join [Inventory Master Locations] on [Inventory Master Locations].LOCATION = [Inventory Location Information].location group by [Inventory Location Information].SHELF order by sum([Inventory Location Information].UBO) desc",1270,w0_g1
-1,bottom total units on back order by shelf,"select top 5 [Inventory Location Information].SHELF, sum([Inventory Location Information].UBO) from [Inventory Location Information] join [Inventory Master Locations] on [Inventory Master Locations].LOCATION = [Inventory Location Information].location group by [Inventory Location Information].SHELF order by sum([Inventory Location Information].UBO) asc",1270,w0_g1
-1,total units on back order by uom,"select [Inventory Location Information].UOM, sum([Inventory Location Information].UBO) from [Inventory Location Information] join [Inventory Master Locations] on [Inventory Master Locations].LOCATION = [Inventory Location Information].location group by [Inventory Location Information].UOM",1270,w0_g1
-1,top 'duckling_amount0' total units on back order by uom,"select top 'duckling_amount0' [Inventory Location Information].UOM, sum([Inventory Location Information].UBO) from [Inventory Location Information] join [Inventory Master Locations] on [Inventory Master Locations].LOCATION = [Inventory Location Information].location group by [Inventory Location Information].UOM order by sum([Inventory Location Information].UBO) desc",1270,w0_g1
-1,bottom 'duckling_amount0' total units on back order by uom,"select top 'duckling_amount0' [Inventory Location Information].UOM, sum([Inventory Location Information].UBO) from [Inventory Location Information] join [Inventory Master Locations] on [Inventory Master Locations].LOCATION = [Inventory Location Information].location group by [Inventory Location Information].UOM order by sum([Inventory Location Information].UBO) asc",1270,w0_g1
-1,top total units on back order by uom,"select top 5 [Inventory Location Information].UOM, sum([Inventory Location Information].UBO) from [Inventory Location Information] join [Inventory Master Locations] on [Inventory Master Locations].LOCATION = [Inventory Location Information].location group by [Inventory Location Information].UOM order by sum([Inventory Location Information].UBO) desc",1270,w0_g1
-1,bottom total units on back order by uom,"select top 5 [Inventory Location Information].UOM, sum([Inventory Location Information].UBO) from [Inventory Location Information] join [Inventory Master Locations] on [Inventory Master Locations].LOCATION = [Inventory Location Information].location group by [Inventory Location Information].UOM order by sum([Inventory Location Information].UBO) asc",1270,w0_g1
-1,total units on back order by location having under 'duckling_amount0',"select [Inventory Master Locations].LOCATION, sum([Inventory Location Information].UBO) from [Inventory Location Information] join [Inventory Master Locations] on [Inventory Master Locations].LOCATION = [Inventory Location Information].location group by [Inventory Master Locations].LOCATION having sum([Inventory Location Information].UBO) < 'duckling_amount0'",1270,w1_g1
-1,total units on back order by location having over 'duckling_amount0',"select [Inventory Master Locations].LOCATION, sum([Inventory Location Information].UBO) from [Inventory Location Information] join [Inventory Master Locations] on [Inventory Master Locations].LOCATION = [Inventory Location Information].location group by [Inventory Master Locations].LOCATION having sum([Inventory Location Information].UBO) > 'duckling_amount0'",1270,w1_g1
-1,total units on back order by location for 'inventory_ch@t@_space_master_ch@t@_space_locations_0_description_value_label',"select [Inventory Master Locations].LOCATION, sum([Inventory Location Information].UBO) from [Inventory Location Information] join [Inventory Master Locations] on [Inventory Master Locations].LOCATION = [Inventory Location Information].location where [Inventory Master Locations].DESCRIPTION = 'inventory_ch@t@_space_master_ch@t@_space_locations_0_description_value_label' group by [Inventory Master Locations].LOCATION",1270,w1_g1
-1,total units on back order by location for 'inventory_ch@t@_space_location_ch@t@_space_information_0_uom_value_label',"select [Inventory Master Locations].LOCATION, sum([Inventory Location Information].UBO) from [Inventory Location Information] join [Inventory Master Locations] on [Inventory Master Locations].LOCATION = [Inventory Location Information].location where [Inventory Location Information].UOM = 'inventory_ch@t@_space_location_ch@t@_space_information_0_uom_value_label' group by [Inventory Master Locations].LOCATION",1270,w1_g1
-1,total units on back order by location for 'inventory_ch@t@_space_location_ch@t@_space_information_0_bin_value_label',"select [Inventory Master Locations].LOCATION, sum([Inventory Location Information].UBO) from [Inventory Location Information] join [Inventory Master Locations] on [Inventory Master Locations].LOCATION = [Inventory Location Information].location where [Inventory Location Information].BIN = 'inventory_ch@t@_space_location_ch@t@_space_information_0_bin_value_label' group by [Inventory Master Locations].LOCATION",1270,w1_g1
-1,total units on back order by location for 'inventory_ch@t@_space_location_ch@t@_space_information_0_shelf_value_label',"select [Inventory Master Locations].LOCATION, sum([Inventory Location Information].UBO) from [Inventory Location Information] join [Inventory Master Locations] on [Inventory Master Locations].LOCATION = [Inventory Location Information].location where [Inventory Location Information].SHELF = 'inventory_ch@t@_space_location_ch@t@_space_information_0_shelf_value_label' group by [Inventory Master Locations].LOCATION",1270,w1_g1
-1,total units on back order by location for 'inventory_ch@t@_space_location_ch@t@_space_information_0_prodcode_value_label',"select [Inventory Master Locations].LOCATION, sum([Inventory Location Information].UBO) from [Inventory Location Information] join [Inventory Master Locations] on [Inventory Master Locations].LOCATION = [Inventory Location Information].location where [Inventory Location Information].ProdCode = 'inventory_ch@t@_space_location_ch@t@_space_information_0_prodcode_value_label' group by [Inventory Master Locations].LOCATION",1270,w1_g1
-1,total units on back order by description having under 'duckling_amount0',"select [Inventory Master Locations].DESCRIPTION, sum([Inventory Location Information].UBO) from [Inventory Location Information] join [Inventory Master Locations] on [Inventory Master Locations].LOCATION = [Inventory Location Information].location group by [Inventory Master Locations].DESCRIPTION having sum([Inventory Location Information].UBO) < 'duckling_amount0'",1270,w1_g1
-1,total units on back order by description having over 'duckling_amount0',"select [Inventory Master Locations].DESCRIPTION, sum([Inventory Location Information].UBO) from [Inventory Location Information] join [Inventory Master Locations] on [Inventory Master Locations].LOCATION = [Inventory Location Information].location group by [Inventory Master Locations].DESCRIPTION having sum([Inventory Location Information].UBO) > 'duckling_amount0'",1270,w1_g1
-1,total units on back order by description for 'inventory_ch@t@_space_location_ch@t@_space_information_0_uom_value_label',"select [Inventory Master Locations].DESCRIPTION, sum([Inventory Location Information].UBO) from [Inventory Location Information] join [Inventory Master Locations] on [Inventory Master Locations].LOCATION = [Inventory Location Information].location where [Inventory Location Information].UOM = 'inventory_ch@t@_space_location_ch@t@_space_information_0_uom_value_label' group by [Inventory Master Locations].DESCRIPTION",1270,w1_g1
-1,total units on back order by description for 'inventory_ch@t@_space_location_ch@t@_space_information_0_bin_value_label',"select [Inventory Master Locations].DESCRIPTION, sum([Inventory Location Information].UBO) from [Inventory Location Information] join [Inventory Master Locations] on [Inventory Master Locations].LOCATION = [Inventory Location Information].location where [Inventory Location Information].BIN = 'inventory_ch@t@_space_location_ch@t@_space_information_0_bin_value_label' group by [Inventory Master Locations].DESCRIPTION",1270,w1_g1
-1,total units on back order by description for 'inventory_ch@t@_space_location_ch@t@_space_information_0_shelf_value_label',"select [Inventory Master Locations].DESCRIPTION, sum([Inventory Location Information].UBO) from [Inventory Location Information] join [Inventory Master Locations] on [Inventory Master Locations].LOCATION = [Inventory Location Information].location where [Inventory Location Information].SHELF = 'inventory_ch@t@_space_location_ch@t@_space_information_0_shelf_value_label' group by [Inventory Master Locations].DESCRIPTION",1270,w1_g1
-1,total units on back order by description for 'inventory_ch@t@_space_master_ch@t@_space_locations_0_location_value_label',"select [Inventory Master Locations].DESCRIPTION, sum([Inventory Location Information].UBO) from [Inventory Location Information] join [Inventory Master Locations] on [Inventory Master Locations].LOCATION = [Inventory Location Information].location where [Inventory Master Locations].LOCATION = 'inventory_ch@t@_space_master_ch@t@_space_locations_0_location_value_label' group by [Inventory Master Locations].DESCRIPTION",1270,w1_g1
-1,total units on back order by description for 'inventory_ch@t@_space_location_ch@t@_space_information_0_prodcode_value_label',"select [Inventory Master Locations].DESCRIPTION, sum([Inventory Location Information].UBO) from [Inventory Location Information] join [Inventory Master Locations] on [Inventory Master Locations].LOCATION = [Inventory Location Information].location where [Inventory Location Information].ProdCode = 'inventory_ch@t@_space_location_ch@t@_space_information_0_prodcode_value_label' group by [Inventory Master Locations].DESCRIPTION",1270,w1_g1
-1,total units on back order by product code having under 'duckling_amount0',"select [Inventory Location Information].ProdCode, sum([Inventory Location Information].UBO) from [Inventory Location Information] join [Inventory Master Locations] on [Inventory Master Locations].LOCATION = [Inventory Location Information].location group by [Inventory Location Information].ProdCode having sum([Inventory Location Information].UBO) < 'duckling_amount0'",1270,w1_g1
-1,total units on back order by product code having over 'duckling_amount0',"select [Inventory Location Information].ProdCode, sum([Inventory Location Information].UBO) from [Inventory Location Information] join [Inventory Master Locations] on [Inventory Master Locations].LOCATION = [Inventory Location Information].location group by [Inventory Location Information].ProdCode having sum([Inventory Location Information].UBO) > 'duckling_amount0'",1270,w1_g1
-1,total units on back order by product code for 'inventory_ch@t@_space_master_ch@t@_space_locations_0_description_value_label',"select [Inventory Location Information].ProdCode, sum([Inventory Location Information].UBO) from [Inventory Location Information] join [Inventory Master Locations] on [Inventory Master Locations].LOCATION = [Inventory Location Information].location where [Inventory Master Locations].DESCRIPTION = 'inventory_ch@t@_space_master_ch@t@_space_locations_0_description_value_label' group by [Inventory Location Information].ProdCode",1270,w1_g1
-1,total units on back order by product code for 'inventory_ch@t@_space_location_ch@t@_space_information_0_uom_value_label',"select [Inventory Location Information].ProdCode, sum([Inventory Location Information].UBO) from [Inventory Location Information] join [Inventory Master Locations] on [Inventory Master Locations].LOCATION = [Inventory Location Information].location where [Inventory Location Information].UOM = 'inventory_ch@t@_space_location_ch@t@_space_information_0_uom_value_label' group by [Inventory Location Information].ProdCode",1270,w1_g1
-1,total units on back order by product code for 'inventory_ch@t@_space_location_ch@t@_space_information_0_bin_value_label',"select [Inventory Location Information].ProdCode, sum([Inventory Location Information].UBO) from [Inventory Location Information] join [Inventory Master Locations] on [Inventory Master Locations].LOCATION = [Inventory Location Information].location where [Inventory Location Information].BIN = 'inventory_ch@t@_space_location_ch@t@_space_information_0_bin_value_label' group by [Inventory Location Information].ProdCode",1270,w1_g1
-1,total units on back order by product code for 'inventory_ch@t@_space_location_ch@t@_space_information_0_shelf_value_label',"select [Inventory Location Information].ProdCode, sum([Inventory Location Information].UBO) from [Inventory Location Information] join [Inventory Master Locations] on [Inventory Master Locations].LOCATION = [Inventory Location Information].location where [Inventory Location Information].SHELF = 'inventory_ch@t@_space_location_ch@t@_space_information_0_shelf_value_label' group by [Inventory Location Information].ProdCode",1270,w1_g1
-1,total units on back order by product code for 'inventory_ch@t@_space_master_ch@t@_space_locations_0_location_value_label',"select [Inventory Location Information].ProdCode, sum([Inventory Location Information].UBO) from [Inventory Location Information] join [Inventory Master Locations] on [Inventory Master Locations].LOCATION = [Inventory Location Information].location where [Inventory Master Locations].LOCATION = 'inventory_ch@t@_space_master_ch@t@_space_locations_0_location_value_label' group by [Inventory Location Information].ProdCode",1270,w1_g1
-1,total units on back order by bin having under 'duckling_amount0',"select [Inventory Location Information].BIN, sum([Inventory Location Information].UBO) from [Inventory Location Information] join [Inventory Master Locations] on [Inventory Master Locations].LOCATION = [Inventory Location Information].location group by [Inventory Location Information].BIN having sum([Inventory Location Information].UBO) < 'duckling_amount0'",1270,w1_g1
-1,total units on back order by bin having over 'duckling_amount0',"select [Inventory Location Information].BIN, sum([Inventory Location Information].UBO) from [Inventory Location Information] join [Inventory Master Locations] on [Inventory Master Locations].LOCATION = [Inventory Location Information].location group by [Inventory Location Information].BIN having sum([Inventory Location Information].UBO) > 'duckling_amount0'",1270,w1_g1
-1,total units on back order by bin for 'inventory_ch@t@_space_master_ch@t@_space_locations_0_description_value_label',"select [Inventory Location Information].BIN, sum([Inventory Location Information].UBO) from [Inventory Location Information] join [Inventory Master Locations] on [Inventory Master Locations].LOCATION = [Inventory Location Information].location where [Inventory Master Locations].DESCRIPTION = 'inventory_ch@t@_space_master_ch@t@_space_locations_0_description_value_label' group by [Inventory Location Information].BIN",1270,w1_g1
-1,total units on back order by bin for 'inventory_ch@t@_space_location_ch@t@_space_information_0_uom_value_label',"select [Inventory Location Information].BIN, sum([Inventory Location Information].UBO) from [Inventory Location Information] join [Inventory Master Locations] on [Inventory Master Locations].LOCATION = [Inventory Location Information].location where [Inventory Location Information].UOM = 'inventory_ch@t@_space_location_ch@t@_space_information_0_uom_value_label' group by [Inventory Location Information].BIN",1270,w1_g1
-1,total units on back order by bin for 'inventory_ch@t@_space_location_ch@t@_space_information_0_shelf_value_label',"select [Inventory Location Information].BIN, sum([Inventory Location Information].UBO) from [Inventory Location Information] join [Inventory Master Locations] on [Inventory Master Locations].LOCATION = [Inventory Location Information].location where [Inventory Location Information].SHELF = 'inventory_ch@t@_space_location_ch@t@_space_information_0_shelf_value_label' group by [Inventory Location Information].BIN",1270,w1_g1
-1,total units on back order by bin for 'inventory_ch@t@_space_master_ch@t@_space_locations_0_location_value_label',"select [Inventory Location Information].BIN, sum([Inventory Location Information].UBO) from [Inventory Location Information] join [Inventory Master Locations] on [Inventory Master Locations].LOCATION = [Inventory Location Information].location where [Inventory Master Locations].LOCATION = 'inventory_ch@t@_space_master_ch@t@_space_locations_0_location_value_label' group by [Inventory Location Information].BIN",1270,w1_g1
-1,total units on back order by bin for 'inventory_ch@t@_space_location_ch@t@_space_information_0_prodcode_value_label',"select [Inventory Location Information].BIN, sum([Inventory Location Information].UBO) from [Inventory Location Information] join [Inventory Master Locations] on [Inventory Master Locations].LOCATION = [Inventory Location Information].location where [Inventory Location Information].ProdCode = 'inventory_ch@t@_space_location_ch@t@_space_information_0_prodcode_value_label' group by [Inventory Location Information].BIN",1270,w1_g1
-1,total units on back order by shelf having under 'duckling_amount0',"select [Inventory Location Information].SHELF, sum([Inventory Location Information].UBO) from [Inventory Location Information] join [Inventory Master Locations] on [Inventory Master Locations].LOCATION = [Inventory Location Information].location group by [Inventory Location Information].SHELF having sum([Inventory Location Information].UBO) < 'duckling_amount0'",1270,w1_g1
-1,total units on back order by shelf having over 'duckling_amount0',"select [Inventory Location Information].SHELF, sum([Inventory Location Information].UBO) from [Inventory Location Information] join [Inventory Master Locations] on [Inventory Master Locations].LOCATION = [Inventory Location Information].location group by [Inventory Location Information].SHELF having sum([Inventory Location Information].UBO) > 'duckling_amount0'",1270,w1_g1
-1,total units on back order by shelf for 'inventory_ch@t@_space_master_ch@t@_space_locations_0_description_value_label',"select [Inventory Location Information].SHELF, sum([Inventory Location Information].UBO) from [Inventory Location Information] join [Inventory Master Locations] on [Inventory Master Locations].LOCATION = [Inventory Location Information].location where [Inventory Master Locations].DESCRIPTION = 'inventory_ch@t@_space_master_ch@t@_space_locations_0_description_value_label' group by [Inventory Location Information].SHELF",1270,w1_g1
-1,total units on back order by shelf for 'inventory_ch@t@_space_location_ch@t@_space_information_0_uom_value_label',"select [Inventory Location Information].SHELF, sum([Inventory Location Information].UBO) from [Inventory Location Information] join [Inventory Master Locations] on [Inventory Master Locations].LOCATION = [Inventory Location Information].location where [Inventory Location Information].UOM = 'inventory_ch@t@_space_location_ch@t@_space_information_0_uom_value_label' group by [Inventory Location Information].SHELF",1270,w1_g1
-1,total units on back order by shelf for 'inventory_ch@t@_space_location_ch@t@_space_information_0_bin_value_label',"select [Inventory Location Information].SHELF, sum([Inventory Location Information].UBO) from [Inventory Location Information] join [Inventory Master Locations] on [Inventory Master Locations].LOCATION = [Inventory Location Information].location where [Inventory Location Information].BIN = 'inventory_ch@t@_space_location_ch@t@_space_information_0_bin_value_label' group by [Inventory Location Information].SHELF",1270,w1_g1
-1,total units on back order by shelf for 'inventory_ch@t@_space_master_ch@t@_space_locations_0_location_value_label',"select [Inventory Location Information].SHELF, sum([Inventory Location Information].UBO) from [Inventory Location Information] join [Inventory Master Locations] on [Inventory Master Locations].LOCATION = [Inventory Location Information].location where [Inventory Master Locations].LOCATION = 'inventory_ch@t@_space_master_ch@t@_space_locations_0_location_value_label' group by [Inventory Location Information].SHELF",1270,w1_g1
-1,total units on back order by shelf for 'inventory_ch@t@_space_location_ch@t@_space_information_0_prodcode_value_label',"select [Inventory Location Information].SHELF, sum([Inventory Location Information].UBO) from [Inventory Location Information] join [Inventory Master Locations] on [Inventory Master Locations].LOCATION = [Inventory Location Information].location where [Inventory Location Information].ProdCode = 'inventory_ch@t@_space_location_ch@t@_space_information_0_prodcode_value_label' group by [Inventory Location Information].SHELF",1270,w1_g1
-1,total units on back order by uom having under 'duckling_amount0',"select [Inventory Location Information].UOM, sum([Inventory Location Information].UBO) from [Inventory Location Information] join [Inventory Master Locations] on [Inventory Master Locations].LOCATION = [Inventory Location Information].location group by [Inventory Location Information].UOM having sum([Inventory Location Information].UBO) < 'duckling_amount0'",1270,w1_g1
-1,total units on back order by uom having over 'duckling_amount0',"select [Inventory Location Information].UOM, sum([Inventory Location Information].UBO) from [Inventory Location Information] join [Inventory Master Locations] on [Inventory Master Locations].LOCATION = [Inventory Location Information].location group by [Inventory Location Information].UOM having sum([Inventory Location Information].UBO) > 'duckling_amount0'",1270,w1_g1
-1,total units on back order by uom for 'inventory_ch@t@_space_master_ch@t@_space_locations_0_description_value_label',"select [Inventory Location Information].UOM, sum([Inventory Location Information].UBO) from [Inventory Location Information] join [Inventory Master Locations] on [Inventory Master Locations].LOCATION = [Inventory Location Information].location where [Inventory Master Locations].DESCRIPTION = 'inventory_ch@t@_space_master_ch@t@_space_locations_0_description_value_label' group by [Inventory Location Information].UOM",1270,w1_g1
-1,total units on back order by uom for 'inventory_ch@t@_space_location_ch@t@_space_information_0_bin_value_label',"select [Inventory Location Information].UOM, sum([Inventory Location Information].UBO) from [Inventory Location Information] join [Inventory Master Locations] on [Inventory Master Locations].LOCATION = [Inventory Location Information].location where [Inventory Location Information].BIN = 'inventory_ch@t@_space_location_ch@t@_space_information_0_bin_value_label' group by [Inventory Location Information].UOM",1270,w1_g1
-1,total units on back order by uom for 'inventory_ch@t@_space_location_ch@t@_space_information_0_shelf_value_label',"select [Inventory Location Information].UOM, sum([Inventory Location Information].UBO) from [Inventory Location Information] join [Inventory Master Locations] on [Inventory Master Locations].LOCATION = [Inventory Location Information].location where [Inventory Location Information].SHELF = 'inventory_ch@t@_space_location_ch@t@_space_information_0_shelf_value_label' group by [Inventory Location Information].UOM",1270,w1_g1
-1,total units on back order by uom for 'inventory_ch@t@_space_master_ch@t@_space_locations_0_location_value_label',"select [Inventory Location Information].UOM, sum([Inventory Location Information].UBO) from [Inventory Location Information] join [Inventory Master Locations] on [Inventory Master Locations].LOCATION = [Inventory Location Information].location where [Inventory Master Locations].LOCATION = 'inventory_ch@t@_space_master_ch@t@_space_locations_0_location_value_label' group by [Inventory Location Information].UOM",1270,w1_g1
-1,total units on back order by uom for 'inventory_ch@t@_space_location_ch@t@_space_information_0_prodcode_value_label',"select [Inventory Location Information].UOM, sum([Inventory Location Information].UBO) from [Inventory Location Information] join [Inventory Master Locations] on [Inventory Master Locations].LOCATION = [Inventory Location Information].location where [Inventory Location Information].ProdCode = 'inventory_ch@t@_space_location_ch@t@_space_information_0_prodcode_value_label' group by [Inventory Location Information].UOM",1270,w1_g1
-1,total units on back order by location by description having under 'duckling_amount0',"select [Inventory Master Locations].LOCATION, [Inventory Master Locations].DESCRIPTION, sum([Inventory Location Information].UBO) from [Inventory Location Information] join [Inventory Master Locations] on [Inventory Master Locations].LOCATION = [Inventory Location Information].location group by [Inventory Master Locations].LOCATION, [Inventory Master Locations].DESCRIPTION having sum([Inventory Location Information].UBO) < 'duckling_amount0'",1270,w1_g2
-1,total units on back order by location by description having over 'duckling_amount0',"select [Inventory Master Locations].LOCATION, [Inventory Master Locations].DESCRIPTION, sum([Inventory Location Information].UBO) from [Inventory Location Information] join [Inventory Master Locations] on [Inventory Master Locations].LOCATION = [Inventory Location Information].location group by [Inventory Master Locations].LOCATION, [Inventory Master Locations].DESCRIPTION having sum([Inventory Location Information].UBO) > 'duckling_amount0'",1270,w1_g2
-1,total units on back order by location by description for 'inventory_ch@t@_space_location_ch@t@_space_information_0_uom_value_label',"select [Inventory Master Locations].LOCATION, [Inventory Master Locations].DESCRIPTION, sum([Inventory Location Information].UBO) from [Inventory Location Information] join [Inventory Master Locations] on [Inventory Master Locations].LOCATION = [Inventory Location Information].location where [Inventory Location Information].UOM = 'inventory_ch@t@_space_location_ch@t@_space_information_0_uom_value_label' group by [Inventory Master Locations].LOCATION, [Inventory Master Locations].DESCRIPTION",1270,w1_g2
-1,total units on back order by location by description for 'inventory_ch@t@_space_location_ch@t@_space_information_0_bin_value_label',"select [Inventory Master Locations].LOCATION, [Inventory Master Locations].DESCRIPTION, sum([Inventory Location Information].UBO) from [Inventory Location Information] join [Inventory Master Locations] on [Inventory Master Locations].LOCATION = [Inventory Location Information].location where [Inventory Location Information].BIN = 'inventory_ch@t@_space_location_ch@t@_space_information_0_bin_value_label' group by [Inventory Master Locations].LOCATION, [Inventory Master Locations].DESCRIPTION",1270,w1_g2
-1,total units on back order by location by description for 'inventory_ch@t@_space_location_ch@t@_space_information_0_shelf_value_label',"select [Inventory Master Locations].LOCATION, [Inventory Master Locations].DESCRIPTION, sum([Inventory Location Information].UBO) from [Inventory Location Information] join [Inventory Master Locations] on [Inventory Master Locations].LOCATION = [Inventory Location Information].location where [Inventory Location Information].SHELF = 'inventory_ch@t@_space_location_ch@t@_space_information_0_shelf_value_label' group by [Inventory Master Locations].LOCATION, [Inventory Master Locations].DESCRIPTION",1270,w1_g2
-1,total units on back order by location by description for 'inventory_ch@t@_space_location_ch@t@_space_information_0_prodcode_value_label',"select [Inventory Master Locations].LOCATION, [Inventory Master Locations].DESCRIPTION, sum([Inventory Location Information].UBO) from [Inventory Location Information] join [Inventory Master Locations] on [Inventory Master Locations].LOCATION = [Inventory Location Information].location where [Inventory Location Information].ProdCode = 'inventory_ch@t@_space_location_ch@t@_space_information_0_prodcode_value_label' group by [Inventory Master Locations].LOCATION, [Inventory Master Locations].DESCRIPTION",1270,w1_g2
-1,total units on back order by location by product code having under 'duckling_amount0',"select [Inventory Master Locations].LOCATION, [Inventory Location Information].ProdCode, sum([Inventory Location Information].UBO) from [Inventory Location Information] join [Inventory Master Locations] on [Inventory Master Locations].LOCATION = [Inventory Location Information].location group by [Inventory Master Locations].LOCATION, [Inventory Location Information].ProdCode having sum([Inventory Location Information].UBO) < 'duckling_amount0'",1270,w1_g2
-1,total units on back order by location by product code having over 'duckling_amount0',"select [Inventory Master Locations].LOCATION, [Inventory Location Information].ProdCode, sum([Inventory Location Information].UBO) from [Inventory Location Information] join [Inventory Master Locations] on [Inventory Master Locations].LOCATION = [Inventory Location Information].location group by [Inventory Master Locations].LOCATION, [Inventory Location Information].ProdCode having sum([Inventory Location Information].UBO) > 'duckling_amount0'",1270,w1_g2
-1,total units on back order by location by product code for 'inventory_ch@t@_space_master_ch@t@_space_locations_0_description_value_label',"select [Inventory Master Locations].LOCATION, [Inventory Location Information].ProdCode, sum([Inventory Location Information].UBO) from [Inventory Location Information] join [Inventory Master Locations] on [Inventory Master Locations].LOCATION = [Inventory Location Information].location where [Inventory Master Locations].DESCRIPTION = 'inventory_ch@t@_space_master_ch@t@_space_locations_0_description_value_label' group by [Inventory Master Locations].LOCATION, [Inventory Location Information].ProdCode",1270,w1_g2
-1,total units on back order by location by product code for 'inventory_ch@t@_space_location_ch@t@_space_information_0_uom_value_label',"select [Inventory Master Locations].LOCATION, [Inventory Location Information].ProdCode, sum([Inventory Location Information].UBO) from [Inventory Location Information] join [Inventory Master Locations] on [Inventory Master Locations].LOCATION = [Inventory Location Information].location where [Inventory Location Information].UOM = 'inventory_ch@t@_space_location_ch@t@_space_information_0_uom_value_label' group by [Inventory Master Locations].LOCATION, [Inventory Location Information].ProdCode",1270,w1_g2
-1,total units on back order by location by product code for 'inventory_ch@t@_space_location_ch@t@_space_information_0_bin_value_label',"select [Inventory Master Locations].LOCATION, [Inventory Location Information].ProdCode, sum([Inventory Location Information].UBO) from [Inventory Location Information] join [Inventory Master Locations] on [Inventory Master Locations].LOCATION = [Inventory Location Information].location where [Inventory Location Information].BIN = 'inventory_ch@t@_space_location_ch@t@_space_information_0_bin_value_label' group by [Inventory Master Locations].LOCATION, [Inventory Location Information].ProdCode",1270,w1_g2
-1,total units on back order by location by product code for 'inventory_ch@t@_space_location_ch@t@_space_information_0_shelf_value_label',"select [Inventory Master Locations].LOCATION, [Inventory Location Information].ProdCode, sum([Inventory Location Information].UBO) from [Inventory Location Information] join [Inventory Master Locations] on [Inventory Master Locations].LOCATION = [Inventory Location Information].location where [Inventory Location Information].SHELF = 'inventory_ch@t@_space_location_ch@t@_space_information_0_shelf_value_label' group by [Inventory Master Locations].LOCATION, [Inventory Location Information].ProdCode",1270,w1_g2
-1,total units on back order by description by product code having under 'duckling_amount0',"select [Inventory Master Locations].DESCRIPTION, [Inventory Location Information].ProdCode, sum([Inventory Location Information].UBO) from [Inventory Location Information] join [Inventory Master Locations] on [Inventory Master Locations].LOCATION = [Inventory Location Information].location group by [Inventory Master Locations].DESCRIPTION, [Inventory Location Information].ProdCode having sum([Inventory Location Information].UBO) < 'duckling_amount0'",1270,w1_g2
-1,total units on back order by description by product code having over 'duckling_amount0',"select [Inventory Master Locations].DESCRIPTION, [Inventory Location Information].ProdCode, sum([Inventory Location Information].UBO) from [Inventory Location Information] join [Inventory Master Locations] on [Inventory Master Locations].LOCATION = [Inventory Location Information].location group by [Inventory Master Locations].DESCRIPTION, [Inventory Location Information].ProdCode having sum([Inventory Location Information].UBO) > 'duckling_amount0'",1270,w1_g2
-1,total units on back order by description by product code for 'inventory_ch@t@_space_location_ch@t@_space_information_0_uom_value_label',"select [Inventory Master Locations].DESCRIPTION, [Inventory Location Information].ProdCode, sum([Inventory Location Information].UBO) from [Inventory Location Information] join [Inventory Master Locations] on [Inventory Master Locations].LOCATION = [Inventory Location Information].location where [Inventory Location Information].UOM = 'inventory_ch@t@_space_location_ch@t@_space_information_0_uom_value_label' group by [Inventory Master Locations].DESCRIPTION, [Inventory Location Information].ProdCode",1270,w1_g2
-1,total units on back order by description by product code for 'inventory_ch@t@_space_location_ch@t@_space_information_0_bin_value_label',"select [Inventory Master Locations].DESCRIPTION, [Inventory Location Information].ProdCode, sum([Inventory Location Information].UBO) from [Inventory Location Information] join [Inventory Master Locations] on [Inventory Master Locations].LOCATION = [Inventory Location Information].location where [Inventory Location Information].BIN = 'inventory_ch@t@_space_location_ch@t@_space_information_0_bin_value_label' group by [Inventory Master Locations].DESCRIPTION, [Inventory Location Information].ProdCode",1270,w1_g2
-1,total units on back order by description by product code for 'inventory_ch@t@_space_location_ch@t@_space_information_0_shelf_value_label',"select [Inventory Master Locations].DESCRIPTION, [Inventory Location Information].ProdCode, sum([Inventory Location Information].UBO) from [Inventory Location Information] join [Inventory Master Locations] on [Inventory Master Locations].LOCATION = [Inventory Location Information].location where [Inventory Location Information].SHELF = 'inventory_ch@t@_space_location_ch@t@_space_information_0_shelf_value_label' group by [Inventory Master Locations].DESCRIPTION, [Inventory Location Information].ProdCode",1270,w1_g2
-1,total units on back order by description by product code for 'inventory_ch@t@_space_master_ch@t@_space_locations_0_location_value_label',"select [Inventory Master Locations].DESCRIPTION, [Inventory Location Information].ProdCode, sum([Inventory Location Information].UBO) from [Inventory Location Information] join [Inventory Master Locations] on [Inventory Master Locations].LOCATION = [Inventory Location Information].location where [Inventory Master Locations].LOCATION = 'inventory_ch@t@_space_master_ch@t@_space_locations_0_location_value_label' group by [Inventory Master Locations].DESCRIPTION, [Inventory Location Information].ProdCode",1270,w1_g2
-1,total units on back order by location by bin having under 'duckling_amount0',"select [Inventory Master Locations].LOCATION, [Inventory Location Information].BIN, sum([Inventory Location Information].UBO) from [Inventory Location Information] join [Inventory Master Locations] on [Inventory Master Locations].LOCATION = [Inventory Location Information].location group by [Inventory Master Locations].LOCATION, [Inventory Location Information].BIN having sum([Inventory Location Information].UBO) < 'duckling_amount0'",1270,w1_g2
-1,total units on back order by location by bin having over 'duckling_amount0',"select [Inventory Master Locations].LOCATION, [Inventory Location Information].BIN, sum([Inventory Location Information].UBO) from [Inventory Location Information] join [Inventory Master Locations] on [Inventory Master Locations].LOCATION = [Inventory Location Information].location group by [Inventory Master Locations].LOCATION, [Inventory Location Information].BIN having sum([Inventory Location Information].UBO) > 'duckling_amount0'",1270,w1_g2
-1,total units on back order by location by bin for 'inventory_ch@t@_space_master_ch@t@_space_locations_0_description_value_label',"select [Inventory Master Locations].LOCATION, [Inventory Location Information].BIN, sum([Inventory Location Information].UBO) from [Inventory Location Information] join [Inventory Master Locations] on [Inventory Master Locations].LOCATION = [Inventory Location Information].location where [Inventory Master Locations].DESCRIPTION = 'inventory_ch@t@_space_master_ch@t@_space_locations_0_description_value_label' group by [Inventory Master Locations].LOCATION, [Inventory Location Information].BIN",1270,w1_g2
-1,total units on back order by location by bin for 'inventory_ch@t@_space_location_ch@t@_space_information_0_uom_value_label',"select [Inventory Master Locations].LOCATION, [Inventory Location Information].BIN, sum([Inventory Location Information].UBO) from [Inventory Location Information] join [Inventory Master Locations] on [Inventory Master Locations].LOCATION = [Inventory Location Information].location where [Inventory Location Information].UOM = 'inventory_ch@t@_space_location_ch@t@_space_information_0_uom_value_label' group by [Inventory Master Locations].LOCATION, [Inventory Location Information].BIN",1270,w1_g2
-1,total units on back order by location by bin for 'inventory_ch@t@_space_location_ch@t@_space_information_0_shelf_value_label',"select [Inventory Master Locations].LOCATION, [Inventory Location Information].BIN, sum([Inventory Location Information].UBO) from [Inventory Location Information] join [Inventory Master Locations] on [Inventory Master Locations].LOCATION = [Inventory Location Information].location where [Inventory Location Information].SHELF = 'inventory_ch@t@_space_location_ch@t@_space_information_0_shelf_value_label' group by [Inventory Master Locations].LOCATION, [Inventory Location Information].BIN",1270,w1_g2
-1,total units on back order by location by bin for 'inventory_ch@t@_space_location_ch@t@_space_information_0_prodcode_value_label',"select [Inventory Master Locations].LOCATION, [Inventory Location Information].BIN, sum([Inventory Location Information].UBO) from [Inventory Location Information] join [Inventory Master Locations] on [Inventory Master Locations].LOCATION = [Inventory Location Information].location where [Inventory Location Information].ProdCode = 'inventory_ch@t@_space_location_ch@t@_space_information_0_prodcode_value_label' group by [Inventory Master Locations].LOCATION, [Inventory Location Information].BIN",1270,w1_g2
-1,total units on back order by description by bin having under 'duckling_amount0',"select [Inventory Master Locations].DESCRIPTION, [Inventory Location Information].BIN, sum([Inventory Location Information].UBO) from [Inventory Location Information] join [Inventory Master Locations] on [Inventory Master Locations].LOCATION = [Inventory Location Information].location group by [Inventory Master Locations].DESCRIPTION, [Inventory Location Information].BIN having sum([Inventory Location Information].UBO) < 'duckling_amount0'",1270,w1_g2
-1,total units on back order by description by bin having over 'duckling_amount0',"select [Inventory Master Locations].DESCRIPTION, [Inventory Location Information].BIN, sum([Inventory Location Information].UBO) from [Inventory Location Information] join [Inventory Master Locations] on [Inventory Master Locations].LOCATION = [Inventory Location Information].location group by [Inventory Master Locations].DESCRIPTION, [Inventory Location Information].BIN having sum([Inventory Location Information].UBO) > 'duckling_amount0'",1270,w1_g2
-1,total units on back order by description by bin for 'inventory_ch@t@_space_location_ch@t@_space_information_0_uom_value_label',"select [Inventory Master Locations].DESCRIPTION, [Inventory Location Information].BIN, sum([Inventory Location Information].UBO) from [Inventory Location Information] join [Inventory Master Locations] on [Inventory Master Locations].LOCATION = [Inventory Location Information].location where [Inventory Location Information].UOM = 'inventory_ch@t@_space_location_ch@t@_space_information_0_uom_value_label' group by [Inventory Master Locations].DESCRIPTION, [Inventory Location Information].BIN",1270,w1_g2
-1,total units on back order by description by bin for 'inventory_ch@t@_space_location_ch@t@_space_information_0_shelf_value_label',"select [Inventory Master Locations].DESCRIPTION, [Inventory Location Information].BIN, sum([Inventory Location Information].UBO) from [Inventory Location Information] join [Inventory Master Locations] on [Inventory Master Locations].LOCATION = [Inventory Location Information].location where [Inventory Location Information].SHELF = 'inventory_ch@t@_space_location_ch@t@_space_information_0_shelf_value_label' group by [Inventory Master Locations].DESCRIPTION, [Inventory Location Information].BIN",1270,w1_g2
-1,total units on back order by description by bin for 'inventory_ch@t@_space_master_ch@t@_space_locations_0_location_value_label',"select [Inventory Master Locations].DESCRIPTION, [Inventory Location Information].BIN, sum([Inventory Location Information].UBO) from [Inventory Location Information] join [Inventory Master Locations] on [Inventory Master Locations].LOCATION = [Inventory Location Information].location where [Inventory Master Locations].LOCATION = 'inventory_ch@t@_space_master_ch@t@_space_locations_0_location_value_label' group by [Inventory Master Locations].DESCRIPTION, [Inventory Location Information].BIN",1270,w1_g2
-1,total units on back order by description by bin for 'inventory_ch@t@_space_location_ch@t@_space_information_0_prodcode_value_label',"select [Inventory Master Locations].DESCRIPTION, [Inventory Location Information].BIN, sum([Inventory Location Information].UBO) from [Inventory Location Information] join [Inventory Master Locations] on [Inventory Master Locations].LOCATION = [Inventory Location Information].location where [Inventory Location Information].ProdCode = 'inventory_ch@t@_space_location_ch@t@_space_information_0_prodcode_value_label' group by [Inventory Master Locations].DESCRIPTION, [Inventory Location Information].BIN",1270,w1_g2
-1,total units on back order by product code by bin having under 'duckling_amount0',"select [Inventory Location Information].ProdCode, [Inventory Location Information].BIN, sum([Inventory Location Information].UBO) from [Inventory Location Information] join [Inventory Master Locations] on [Inventory Master Locations].LOCATION = [Inventory Location Information].location group by [Inventory Location Information].ProdCode, [Inventory Location Information].BIN having sum([Inventory Location Information].UBO) < 'duckling_amount0'",1270,w1_g2
-1,total units on back order by product code by bin having over 'duckling_amount0',"select [Inventory Location Information].ProdCode, [Inventory Location Information].BIN, sum([Inventory Location Information].UBO) from [Inventory Location Information] join [Inventory Master Locations] on [Inventory Master Locations].LOCATION = [Inventory Location Information].location group by [Inventory Location Information].ProdCode, [Inventory Location Information].BIN having sum([Inventory Location Information].UBO) > 'duckling_amount0'",1270,w1_g2
-1,total units on back order by product code by bin for 'inventory_ch@t@_space_master_ch@t@_space_locations_0_description_value_label',"select [Inventory Location Information].ProdCode, [Inventory Location Information].BIN, sum([Inventory Location Information].UBO) from [Inventory Location Information] join [Inventory Master Locations] on [Inventory Master Locations].LOCATION = [Inventory Location Information].location where [Inventory Master Locations].DESCRIPTION = 'inventory_ch@t@_space_master_ch@t@_space_locations_0_description_value_label' group by [Inventory Location Information].ProdCode, [Inventory Location Information].BIN",1270,w1_g2
-1,total units on back order by product code by bin for 'inventory_ch@t@_space_location_ch@t@_space_information_0_uom_value_label',"select [Inventory Location Information].ProdCode, [Inventory Location Information].BIN, sum([Inventory Location Information].UBO) from [Inventory Location Information] join [Inventory Master Locations] on [Inventory Master Locations].LOCATION = [Inventory Location Information].location where [Inventory Location Information].UOM = 'inventory_ch@t@_space_location_ch@t@_space_information_0_uom_value_label' group by [Inventory Location Information].ProdCode, [Inventory Location Information].BIN",1270,w1_g2
-1,total units on back order by product code by bin for 'inventory_ch@t@_space_location_ch@t@_space_information_0_shelf_value_label',"select [Inventory Location Information].ProdCode, [Inventory Location Information].BIN, sum([Inventory Location Information].UBO) from [Inventory Location Information] join [Inventory Master Locations] on [Inventory Master Locations].LOCATION = [Inventory Location Information].location where [Inventory Location Information].SHELF = 'inventory_ch@t@_space_location_ch@t@_space_information_0_shelf_value_label' group by [Inventory Location Information].ProdCode, [Inventory Location Information].BIN",1270,w1_g2
-1,total units on back order by product code by bin for 'inventory_ch@t@_space_master_ch@t@_space_locations_0_location_value_label',"select [Inventory Location Information].ProdCode, [Inventory Location Information].BIN, sum([Inventory Location Information].UBO) from [Inventory Location Information] join [Inventory Master Locations] on [Inventory Master Locations].LOCATION = [Inventory Location Information].location where [Inventory Master Locations].LOCATION = 'inventory_ch@t@_space_master_ch@t@_space_locations_0_location_value_label' group by [Inventory Location Information].ProdCode, [Inventory Location Information].BIN",1270,w1_g2
-1,total units on back order by location by shelf having under 'duckling_amount0',"select [Inventory Master Locations].LOCATION, [Inventory Location Information].SHELF, sum([Inventory Location Information].UBO) from [Inventory Location Information] join [Inventory Master Locations] on [Inventory Master Locations].LOCATION = [Inventory Location Information].location group by [Inventory Master Locations].LOCATION, [Inventory Location Information].SHELF having sum([Inventory Location Information].UBO) < 'duckling_amount0'",1270,w1_g2
-1,total units on back order by location by shelf having over 'duckling_amount0',"select [Inventory Master Locations].LOCATION, [Inventory Location Information].SHELF, sum([Inventory Location Information].UBO) from [Inventory Location Information] join [Inventory Master Locations] on [Inventory Master Locations].LOCATION = [Inventory Location Information].location group by [Inventory Master Locations].LOCATION, [Inventory Location Information].SHELF having sum([Inventory Location Information].UBO) > 'duckling_amount0'",1270,w1_g2
-1,total units on back order by location by shelf for 'inventory_ch@t@_space_master_ch@t@_space_locations_0_description_value_label',"select [Inventory Master Locations].LOCATION, [Inventory Location Information].SHELF, sum([Inventory Location Information].UBO) from [Inventory Location Information] join [Inventory Master Locations] on [Inventory Master Locations].LOCATION = [Inventory Location Information].location where [Inventory Master Locations].DESCRIPTION = 'inventory_ch@t@_space_master_ch@t@_space_locations_0_description_value_label' group by [Inventory Master Locations].LOCATION, [Inventory Location Information].SHELF",1270,w1_g2
-1,total units on back order by location by shelf for 'inventory_ch@t@_space_location_ch@t@_space_information_0_uom_value_label',"select [Inventory Master Locations].LOCATION, [Inventory Location Information].SHELF, sum([Inventory Location Information].UBO) from [Inventory Location Information] join [Inventory Master Locations] on [Inventory Master Locations].LOCATION = [Inventory Location Information].location where [Inventory Location Information].UOM = 'inventory_ch@t@_space_location_ch@t@_space_information_0_uom_value_label' group by [Inventory Master Locations].LOCATION, [Inventory Location Information].SHELF",1270,w1_g2
-1,total units on back order by location by shelf for 'inventory_ch@t@_space_location_ch@t@_space_information_0_bin_value_label',"select [Inventory Master Locations].LOCATION, [Inventory Location Information].SHELF, sum([Inventory Location Information].UBO) from [Inventory Location Information] join [Inventory Master Locations] on [Inventory Master Locations].LOCATION = [Inventory Location Information].location where [Inventory Location Information].BIN = 'inventory_ch@t@_space_location_ch@t@_space_information_0_bin_value_label' group by [Inventory Master Locations].LOCATION, [Inventory Location Information].SHELF",1270,w1_g2
-1,total units on back order by location by shelf for 'inventory_ch@t@_space_location_ch@t@_space_information_0_prodcode_value_label',"select [Inventory Master Locations].LOCATION, [Inventory Location Information].SHELF, sum([Inventory Location Information].UBO) from [Inventory Location Information] join [Inventory Master Locations] on [Inventory Master Locations].LOCATION = [Inventory Location Information].location where [Inventory Location Information].ProdCode = 'inventory_ch@t@_space_location_ch@t@_space_information_0_prodcode_value_label' group by [Inventory Master Locations].LOCATION, [Inventory Location Information].SHELF",1270,w1_g2
-1,total units on back order by description by shelf having under 'duckling_amount0',"select [Inventory Master Locations].DESCRIPTION, [Inventory Location Information].SHELF, sum([Inventory Location Information].UBO) from [Inventory Location Information] join [Inventory Master Locations] on [Inventory Master Locations].LOCATION = [Inventory Location Information].location group by [Inventory Master Locations].DESCRIPTION, [Inventory Location Information].SHELF having sum([Inventory Location Information].UBO) < 'duckling_amount0'",1270,w1_g2
-1,total units on back order by description by shelf having over 'duckling_amount0',"select [Inventory Master Locations].DESCRIPTION, [Inventory Location Information].SHELF, sum([Inventory Location Information].UBO) from [Inventory Location Information] join [Inventory Master Locations] on [Inventory Master Locations].LOCATION = [Inventory Location Information].location group by [Inventory Master Locations].DESCRIPTION, [Inventory Location Information].SHELF having sum([Inventory Location Information].UBO) > 'duckling_amount0'",1270,w1_g2
-1,total units on back order by description by shelf for 'inventory_ch@t@_space_location_ch@t@_space_information_0_uom_value_label',"select [Inventory Master Locations].DESCRIPTION, [Inventory Location Information].SHELF, sum([Inventory Location Information].UBO) from [Inventory Location Information] join [Inventory Master Locations] on [Inventory Master Locations].LOCATION = [Inventory Location Information].location where [Inventory Location Information].UOM = 'inventory_ch@t@_space_location_ch@t@_space_information_0_uom_value_label' group by [Inventory Master Locations].DESCRIPTION, [Inventory Location Information].SHELF",1270,w1_g2
-1,total units on back order by description by shelf for 'inventory_ch@t@_space_location_ch@t@_space_information_0_bin_value_label',"select [Inventory Master Locations].DESCRIPTION, [Inventory Location Information].SHELF, sum([Inventory Location Information].UBO) from [Inventory Location Information] join [Inventory Master Locations] on [Inventory Master Locations].LOCATION = [Inventory Location Information].location where [Inventory Location Information].BIN = 'inventory_ch@t@_space_location_ch@t@_space_information_0_bin_value_label' group by [Inventory Master Locations].DESCRIPTION, [Inventory Location Information].SHELF",1270,w1_g2
-1,total units on back order by description by shelf for 'inventory_ch@t@_space_master_ch@t@_space_locations_0_location_value_label',"select [Inventory Master Locations].DESCRIPTION, [Inventory Location Information].SHELF, sum([Inventory Location Information].UBO) from [Inventory Location Information] join [Inventory Master Locations] on [Inventory Master Locations].LOCATION = [Inventory Location Information].location where [Inventory Master Locations].LOCATION = 'inventory_ch@t@_space_master_ch@t@_space_locations_0_location_value_label' group by [Inventory Master Locations].DESCRIPTION, [Inventory Location Information].SHELF",1270,w1_g2
-1,total units on back order by description by shelf for 'inventory_ch@t@_space_location_ch@t@_space_information_0_prodcode_value_label',"select [Inventory Master Locations].DESCRIPTION, [Inventory Location Information].SHELF, sum([Inventory Location Information].UBO) from [Inventory Location Information] join [Inventory Master Locations] on [Inventory Master Locations].LOCATION = [Inventory Location Information].location where [Inventory Location Information].ProdCode = 'inventory_ch@t@_space_location_ch@t@_space_information_0_prodcode_value_label' group by [Inventory Master Locations].DESCRIPTION, [Inventory Location Information].SHELF",1270,w1_g2
-1,total units on back order by product code by shelf having under 'duckling_amount0',"select [Inventory Location Information].ProdCode, [Inventory Location Information].SHELF, sum([Inventory Location Information].UBO) from [Inventory Location Information] join [Inventory Master Locations] on [Inventory Master Locations].LOCATION = [Inventory Location Information].location group by [Inventory Location Information].ProdCode, [Inventory Location Information].SHELF having sum([Inventory Location Information].UBO) < 'duckling_amount0'",1270,w1_g2
-1,total units on back order by product code by shelf having over 'duckling_amount0',"select [Inventory Location Information].ProdCode, [Inventory Location Information].SHELF, sum([Inventory Location Information].UBO) from [Inventory Location Information] join [Inventory Master Locations] on [Inventory Master Locations].LOCATION = [Inventory Location Information].location group by [Inventory Location Information].ProdCode, [Inventory Location Information].SHELF having sum([Inventory Location Information].UBO) > 'duckling_amount0'",1270,w1_g2
-1,total units on back order by product code by shelf for 'inventory_ch@t@_space_master_ch@t@_space_locations_0_description_value_label',"select [Inventory Location Information].ProdCode, [Inventory Location Information].SHELF, sum([Inventory Location Information].UBO) from [Inventory Location Information] join [Inventory Master Locations] on [Inventory Master Locations].LOCATION = [Inventory Location Information].location where [Inventory Master Locations].DESCRIPTION = 'inventory_ch@t@_space_master_ch@t@_space_locations_0_description_value_label' group by [Inventory Location Information].ProdCode, [Inventory Location Information].SHELF",1270,w1_g2
-1,total units on back order by product code by shelf for 'inventory_ch@t@_space_location_ch@t@_space_information_0_uom_value_label',"select [Inventory Location Information].ProdCode, [Inventory Location Information].SHELF, sum([Inventory Location Information].UBO) from [Inventory Location Information] join [Inventory Master Locations] on [Inventory Master Locations].LOCATION = [Inventory Location Information].location where [Inventory Location Information].UOM = 'inventory_ch@t@_space_location_ch@t@_space_information_0_uom_value_label' group by [Inventory Location Information].ProdCode, [Inventory Location Information].SHELF",1270,w1_g2
-1,total units on back order by product code by shelf for 'inventory_ch@t@_space_location_ch@t@_space_information_0_bin_value_label',"select [Inventory Location Information].ProdCode, [Inventory Location Information].SHELF, sum([Inventory Location Information].UBO) from [Inventory Location Information] join [Inventory Master Locations] on [Inventory Master Locations].LOCATION = [Inventory Location Information].location where [Inventory Location Information].BIN = 'inventory_ch@t@_space_location_ch@t@_space_information_0_bin_value_label' group by [Inventory Location Information].ProdCode, [Inventory Location Information].SHELF",1270,w1_g2
-1,total units on back order by product code by shelf for 'inventory_ch@t@_space_master_ch@t@_space_locations_0_location_value_label',"select [Inventory Location Information].ProdCode, [Inventory Location Information].SHELF, sum([Inventory Location Information].UBO) from [Inventory Location Information] join [Inventory Master Locations] on [Inventory Master Locations].LOCATION = [Inventory Location Information].location where [Inventory Master Locations].LOCATION = 'inventory_ch@t@_space_master_ch@t@_space_locations_0_location_value_label' group by [Inventory Location Information].ProdCode, [Inventory Location Information].SHELF",1270,w1_g2
-1,total units on back order by bin by shelf having under 'duckling_amount0',"select [Inventory Location Information].BIN, [Inventory Location Information].SHELF, sum([Inventory Location Information].UBO) from [Inventory Location Information] join [Inventory Master Locations] on [Inventory Master Locations].LOCATION = [Inventory Location Information].location group by [Inventory Location Information].BIN, [Inventory Location Information].SHELF having sum([Inventory Location Information].UBO) < 'duckling_amount0'",1270,w1_g2
-1,total units on back order by bin by shelf having over 'duckling_amount0',"select [Inventory Location Information].BIN, [Inventory Location Information].SHELF, sum([Inventory Location Information].UBO) from [Inventory Location Information] join [Inventory Master Locations] on [Inventory Master Locations].LOCATION = [Inventory Location Information].location group by [Inventory Location Information].BIN, [Inventory Location Information].SHELF having sum([Inventory Location Information].UBO) > 'duckling_amount0'",1270,w1_g2
-1,total units on back order by bin by shelf for 'inventory_ch@t@_space_master_ch@t@_space_locations_0_description_value_label',"select [Inventory Location Information].BIN, [Inventory Location Information].SHELF, sum([Inventory Location Information].UBO) from [Inventory Location Information] join [Inventory Master Locations] on [Inventory Master Locations].LOCATION = [Inventory Location Information].location where [Inventory Master Locations].DESCRIPTION = 'inventory_ch@t@_space_master_ch@t@_space_locations_0_description_value_label' group by [Inventory Location Information].BIN, [Inventory Location Information].SHELF",1270,w1_g2
-1,total units on back order by bin by shelf for 'inventory_ch@t@_space_location_ch@t@_space_information_0_uom_value_label',"select [Inventory Location Information].BIN, [Inventory Location Information].SHELF, sum([Inventory Location Information].UBO) from [Inventory Location Information] join [Inventory Master Locations] on [Inventory Master Locations].LOCATION = [Inventory Location Information].location where [Inventory Location Information].UOM = 'inventory_ch@t@_space_location_ch@t@_space_information_0_uom_value_label' group by [Inventory Location Information].BIN, [Inventory Location Information].SHELF",1270,w1_g2
-1,total units on back order by bin by shelf for 'inventory_ch@t@_space_master_ch@t@_space_locations_0_location_value_label',"select [Inventory Location Information].BIN, [Inventory Location Information].SHELF, sum([Inventory Location Information].UBO) from [Inventory Location Information] join [Inventory Master Locations] on [Inventory Master Locations].LOCATION = [Inventory Location Information].location where [Inventory Master Locations].LOCATION = 'inventory_ch@t@_space_master_ch@t@_space_locations_0_location_value_label' group by [Inventory Location Information].BIN, [Inventory Location Information].SHELF",1270,w1_g2
-1,total units on back order by bin by shelf for 'inventory_ch@t@_space_location_ch@t@_space_information_0_prodcode_value_label',"select [Inventory Location Information].BIN, [Inventory Location Information].SHELF, sum([Inventory Location Information].UBO) from [Inventory Location Information] join [Inventory Master Locations] on [Inventory Master Locations].LOCATION = [Inventory Location Information].location where [Inventory Location Information].ProdCode = 'inventory_ch@t@_space_location_ch@t@_space_information_0_prodcode_value_label' group by [Inventory Location Information].BIN, [Inventory Location Information].SHELF",1270,w1_g2
-1,total units on back order by location by uom having under 'duckling_amount0',"select [Inventory Master Locations].LOCATION, [Inventory Location Information].UOM, sum([Inventory Location Information].UBO) from [Inventory Location Information] join [Inventory Master Locations] on [Inventory Master Locations].LOCATION = [Inventory Location Information].location group by [Inventory Master Locations].LOCATION, [Inventory Location Information].UOM having sum([Inventory Location Information].UBO) < 'duckling_amount0'",1270,w1_g2
-1,total units on back order by location by uom having over 'duckling_amount0',"select [Inventory Master Locations].LOCATION, [Inventory Location Information].UOM, sum([Inventory Location Information].UBO) from [Inventory Location Information] join [Inventory Master Locations] on [Inventory Master Locations].LOCATION = [Inventory Location Information].location group by [Inventory Master Locations].LOCATION, [Inventory Location Information].UOM having sum([Inventory Location Information].UBO) > 'duckling_amount0'",1270,w1_g2
-1,total units on back order by location by uom for 'inventory_ch@t@_space_master_ch@t@_space_locations_0_description_value_label',"select [Inventory Master Locations].LOCATION, [Inventory Location Information].UOM, sum([Inventory Location Information].UBO) from [Inventory Location Information] join [Inventory Master Locations] on [Inventory Master Locations].LOCATION = [Inventory Location Information].location where [Inventory Master Locations].DESCRIPTION = 'inventory_ch@t@_space_master_ch@t@_space_locations_0_description_value_label' group by [Inventory Master Locations].LOCATION, [Inventory Location Information].UOM",1270,w1_g2
-1,total units on back order by location by uom for 'inventory_ch@t@_space_location_ch@t@_space_information_0_bin_value_label',"select [Inventory Master Locations].LOCATION, [Inventory Location Information].UOM, sum([Inventory Location Information].UBO) from [Inventory Location Information] join [Inventory Master Locations] on [Inventory Master Locations].LOCATION = [Inventory Location Information].location where [Inventory Location Information].BIN = 'inventory_ch@t@_space_location_ch@t@_space_information_0_bin_value_label' group by [Inventory Master Locations].LOCATION, [Inventory Location Information].UOM",1270,w1_g2
-1,total units on back order by location by uom for 'inventory_ch@t@_space_location_ch@t@_space_information_0_shelf_value_label',"select [Inventory Master Locations].LOCATION, [Inventory Location Information].UOM, sum([Inventory Location Information].UBO) from [Inventory Location Information] join [Inventory Master Locations] on [Inventory Master Locations].LOCATION = [Inventory Location Information].location where [Inventory Location Information].SHELF = 'inventory_ch@t@_space_location_ch@t@_space_information_0_shelf_value_label' group by [Inventory Master Locations].LOCATION, [Inventory Location Information].UOM",1270,w1_g2
-1,total units on back order by location by uom for 'inventory_ch@t@_space_location_ch@t@_space_information_0_prodcode_value_label',"select [Inventory Master Locations].LOCATION, [Inventory Location Information].UOM, sum([Inventory Location Information].UBO) from [Inventory Location Information] join [Inventory Master Locations] on [Inventory Master Locations].LOCATION = [Inventory Location Information].location where [Inventory Location Information].ProdCode = 'inventory_ch@t@_space_location_ch@t@_space_information_0_prodcode_value_label' group by [Inventory Master Locations].LOCATION, [Inventory Location Information].UOM",1270,w1_g2
-1,total units on back order by description by uom having under 'duckling_amount0',"select [Inventory Master Locations].DESCRIPTION, [Inventory Location Information].UOM, sum([Inventory Location Information].UBO) from [Inventory Location Information] join [Inventory Master Locations] on [Inventory Master Locations].LOCATION = [Inventory Location Information].location group by [Inventory Master Locations].DESCRIPTION, [Inventory Location Information].UOM having sum([Inventory Location Information].UBO) < 'duckling_amount0'",1270,w1_g2
-1,total units on back order by description by uom having over 'duckling_amount0',"select [Inventory Master Locations].DESCRIPTION, [Inventory Location Information].UOM, sum([Inventory Location Information].UBO) from [Inventory Location Information] join [Inventory Master Locations] on [Inventory Master Locations].LOCATION = [Inventory Location Information].location group by [Inventory Master Locations].DESCRIPTION, [Inventory Location Information].UOM having sum([Inventory Location Information].UBO) > 'duckling_amount0'",1270,w1_g2
-1,total units on back order by description by uom for 'inventory_ch@t@_space_location_ch@t@_space_information_0_bin_value_label',"select [Inventory Master Locations].DESCRIPTION, [Inventory Location Information].UOM, sum([Inventory Location Information].UBO) from [Inventory Location Information] join [Inventory Master Locations] on [Inventory Master Locations].LOCATION = [Inventory Location Information].location where [Inventory Location Information].BIN = 'inventory_ch@t@_space_location_ch@t@_space_information_0_bin_value_label' group by [Inventory Master Locations].DESCRIPTION, [Inventory Location Information].UOM",1270,w1_g2
-1,total units on back order by description by uom for 'inventory_ch@t@_space_location_ch@t@_space_information_0_shelf_value_label',"select [Inventory Master Locations].DESCRIPTION, [Inventory Location Information].UOM, sum([Inventory Location Information].UBO) from [Inventory Location Information] join [Inventory Master Locations] on [Inventory Master Locations].LOCATION = [Inventory Location Information].location where [Inventory Location Information].SHELF = 'inventory_ch@t@_space_location_ch@t@_space_information_0_shelf_value_label' group by [Inventory Master Locations].DESCRIPTION, [Inventory Location Information].UOM",1270,w1_g2
-1,total units on back order by description by uom for 'inventory_ch@t@_space_master_ch@t@_space_locations_0_location_value_label',"select [Inventory Master Locations].DESCRIPTION, [Inventory Location Information].UOM, sum([Inventory Location Information].UBO) from [Inventory Location Information] join [Inventory Master Locations] on [Inventory Master Locations].LOCATION = [Inventory Location Information].location where [Inventory Master Locations].LOCATION = 'inventory_ch@t@_space_master_ch@t@_space_locations_0_location_value_label' group by [Inventory Master Locations].DESCRIPTION, [Inventory Location Information].UOM",1270,w1_g2
-1,total units on back order by description by uom for 'inventory_ch@t@_space_location_ch@t@_space_information_0_prodcode_value_label',"select [Inventory Master Locations].DESCRIPTION, [Inventory Location Information].UOM, sum([Inventory Location Information].UBO) from [Inventory Location Information] join [Inventory Master Locations] on [Inventory Master Locations].LOCATION = [Inventory Location Information].location where [Inventory Location Information].ProdCode = 'inventory_ch@t@_space_location_ch@t@_space_information_0_prodcode_value_label' group by [Inventory Master Locations].DESCRIPTION, [Inventory Location Information].UOM",1270,w1_g2
-1,total units on back order by product code by uom having under 'duckling_amount0',"select [Inventory Location Information].ProdCode, [Inventory Location Information].UOM, sum([Inventory Location Information].UBO) from [Inventory Location Information] join [Inventory Master Locations] on [Inventory Master Locations].LOCATION = [Inventory Location Information].location group by [Inventory Location Information].ProdCode, [Inventory Location Information].UOM having sum([Inventory Location Information].UBO) < 'duckling_amount0'",1270,w1_g2
-1,total units on back order by product code by uom having over 'duckling_amount0',"select [Inventory Location Information].ProdCode, [Inventory Location Information].UOM, sum([Inventory Location Information].UBO) from [Inventory Location Information] join [Inventory Master Locations] on [Inventory Master Locations].LOCATION = [Inventory Location Information].location group by [Inventory Location Information].ProdCode, [Inventory Location Information].UOM having sum([Inventory Location Information].UBO) > 'duckling_amount0'",1270,w1_g2
-1,total units on back order by product code by uom for 'inventory_ch@t@_space_master_ch@t@_space_locations_0_description_value_label',"select [Inventory Location Information].ProdCode, [Inventory Location Information].UOM, sum([Inventory Location Information].UBO) from [Inventory Location Information] join [Inventory Master Locations] on [Inventory Master Locations].LOCATION = [Inventory Location Information].location where [Inventory Master Locations].DESCRIPTION = 'inventory_ch@t@_space_master_ch@t@_space_locations_0_description_value_label' group by [Inventory Location Information].ProdCode, [Inventory Location Information].UOM",1270,w1_g2
-1,total units on back order by product code by uom for 'inventory_ch@t@_space_location_ch@t@_space_information_0_bin_value_label',"select [Inventory Location Information].ProdCode, [Inventory Location Information].UOM, sum([Inventory Location Information].UBO) from [Inventory Location Information] join [Inventory Master Locations] on [Inventory Master Locations].LOCATION = [Inventory Location Information].location where [Inventory Location Information].BIN = 'inventory_ch@t@_space_location_ch@t@_space_information_0_bin_value_label' group by [Inventory Location Information].ProdCode, [Inventory Location Information].UOM",1270,w1_g2
-1,total units on back order by product code by uom for 'inventory_ch@t@_space_location_ch@t@_space_information_0_shelf_value_label',"select [Inventory Location Information].ProdCode, [Inventory Location Information].UOM, sum([Inventory Location Information].UBO) from [Inventory Location Information] join [Inventory Master Locations] on [Inventory Master Locations].LOCATION = [Inventory Location Information].location where [Inventory Location Information].SHELF = 'inventory_ch@t@_space_location_ch@t@_space_information_0_shelf_value_label' group by [Inventory Location Information].ProdCode, [Inventory Location Information].UOM",1270,w1_g2
-1,total units on back order by product code by uom for 'inventory_ch@t@_space_master_ch@t@_space_locations_0_location_value_label',"select [Inventory Location Information].ProdCode, [Inventory Location Information].UOM, sum([Inventory Location Information].UBO) from [Inventory Location Information] join [Inventory Master Locations] on [Inventory Master Locations].LOCATION = [Inventory Location Information].location where [Inventory Master Locations].LOCATION = 'inventory_ch@t@_space_master_ch@t@_space_locations_0_location_value_label' group by [Inventory Location Information].ProdCode, [Inventory Location Information].UOM",1270,w1_g2
-1,total units on back order by bin by uom having under 'duckling_amount0',"select [Inventory Location Information].BIN, [Inventory Location Information].UOM, sum([Inventory Location Information].UBO) from [Inventory Location Information] join [Inventory Master Locations] on [Inventory Master Locations].LOCATION = [Inventory Location Information].location group by [Inventory Location Information].BIN, [Inventory Location Information].UOM having sum([Inventory Location Information].UBO) < 'duckling_amount0'",1270,w1_g2
-1,total units on back order by bin by uom having over 'duckling_amount0',"select [Inventory Location Information].BIN, [Inventory Location Information].UOM, sum([Inventory Location Information].UBO) from [Inventory Location Information] join [Inventory Master Locations] on [Inventory Master Locations].LOCATION = [Inventory Location Information].location group by [Inventory Location Information].BIN, [Inventory Location Information].UOM having sum([Inventory Location Information].UBO) > 'duckling_amount0'",1270,w1_g2
-1,total units on back order by bin by uom for 'inventory_ch@t@_space_master_ch@t@_space_locations_0_description_value_label',"select [Inventory Location Information].BIN, [Inventory Location Information].UOM, sum([Inventory Location Information].UBO) from [Inventory Location Information] join [Inventory Master Locations] on [Inventory Master Locations].LOCATION = [Inventory Location Information].location where [Inventory Master Locations].DESCRIPTION = 'inventory_ch@t@_space_master_ch@t@_space_locations_0_description_value_label' group by [Inventory Location Information].BIN, [Inventory Location Information].UOM",1270,w1_g2
-1,total units on back order by bin by uom for 'inventory_ch@t@_space_location_ch@t@_space_information_0_shelf_value_label',"select [Inventory Location Information].BIN, [Inventory Location Information].UOM, sum([Inventory Location Information].UBO) from [Inventory Location Information] join [Inventory Master Locations] on [Inventory Master Locations].LOCATION = [Inventory Location Information].location where [Inventory Location Information].SHELF = 'inventory_ch@t@_space_location_ch@t@_space_information_0_shelf_value_label' group by [Inventory Location Information].BIN, [Inventory Location Information].UOM",1270,w1_g2
-1,total units on back order by bin by uom for 'inventory_ch@t@_space_master_ch@t@_space_locations_0_location_value_label',"select [Inventory Location Information].BIN, [Inventory Location Information].UOM, sum([Inventory Location Information].UBO) from [Inventory Location Information] join [Inventory Master Locations] on [Inventory Master Locations].LOCATION = [Inventory Location Information].location where [Inventory Master Locations].LOCATION = 'inventory_ch@t@_space_master_ch@t@_space_locations_0_location_value_label' group by [Inventory Location Information].BIN, [Inventory Location Information].UOM",1270,w1_g2
-1,total units on back order by bin by uom for 'inventory_ch@t@_space_location_ch@t@_space_information_0_prodcode_value_label',"select [Inventory Location Information].BIN, [Inventory Location Information].UOM, sum([Inventory Location Information].UBO) from [Inventory Location Information] join [Inventory Master Locations] on [Inventory Master Locations].LOCATION = [Inventory Location Information].location where [Inventory Location Information].ProdCode = 'inventory_ch@t@_space_location_ch@t@_space_information_0_prodcode_value_label' group by [Inventory Location Information].BIN, [Inventory Location Information].UOM",1270,w1_g2
-1,total units on back order by shelf by uom having under 'duckling_amount0',"select [Inventory Location Information].SHELF, [Inventory Location Information].UOM, sum([Inventory Location Information].UBO) from [Inventory Location Information] join [Inventory Master Locations] on [Inventory Master Locations].LOCATION = [Inventory Location Information].location group by [Inventory Location Information].SHELF, [Inventory Location Information].UOM having sum([Inventory Location Information].UBO) < 'duckling_amount0'",1270,w1_g2
-1,total units on back order by shelf by uom having over 'duckling_amount0',"select [Inventory Location Information].SHELF, [Inventory Location Information].UOM, sum([Inventory Location Information].UBO) from [Inventory Location Information] join [Inventory Master Locations] on [Inventory Master Locations].LOCATION = [Inventory Location Information].location group by [Inventory Location Information].SHELF, [Inventory Location Information].UOM having sum([Inventory Location Information].UBO) > 'duckling_amount0'",1270,w1_g2
-1,total units on back order by shelf by uom for 'inventory_ch@t@_space_master_ch@t@_space_locations_0_description_value_label',"select [Inventory Location Information].SHELF, [Inventory Location Information].UOM, sum([Inventory Location Information].UBO) from [Inventory Location Information] join [Inventory Master Locations] on [Inventory Master Locations].LOCATION = [Inventory Location Information].location where [Inventory Master Locations].DESCRIPTION = 'inventory_ch@t@_space_master_ch@t@_space_locations_0_description_value_label' group by [Inventory Location Information].SHELF, [Inventory Location Information].UOM",1270,w1_g2
-1,total units on back order by shelf by uom for 'inventory_ch@t@_space_location_ch@t@_space_information_0_bin_value_label',"select [Inventory Location Information].SHELF, [Inventory Location Information].UOM, sum([Inventory Location Information].UBO) from [Inventory Location Information] join [Inventory Master Locations] on [Inventory Master Locations].LOCATION = [Inventory Location Information].location where [Inventory Location Information].BIN = 'inventory_ch@t@_space_location_ch@t@_space_information_0_bin_value_label' group by [Inventory Location Information].SHELF, [Inventory Location Information].UOM",1270,w1_g2
-1,total units on back order by shelf by uom for 'inventory_ch@t@_space_master_ch@t@_space_locations_0_location_value_label',"select [Inventory Location Information].SHELF, [Inventory Location Information].UOM, sum([Inventory Location Information].UBO) from [Inventory Location Information] join [Inventory Master Locations] on [Inventory Master Locations].LOCATION = [Inventory Location Information].location where [Inventory Master Locations].LOCATION = 'inventory_ch@t@_space_master_ch@t@_space_locations_0_location_value_label' group by [Inventory Location Information].SHELF, [Inventory Location Information].UOM",1270,w1_g2
-1,total units on back order by shelf by uom for 'inventory_ch@t@_space_location_ch@t@_space_information_0_prodcode_value_label',"select [Inventory Location Information].SHELF, [Inventory Location Information].UOM, sum([Inventory Location Information].UBO) from [Inventory Location Information] join [Inventory Master Locations] on [Inventory Master Locations].LOCATION = [Inventory Location Information].location where [Inventory Location Information].ProdCode = 'inventory_ch@t@_space_location_ch@t@_space_information_0_prodcode_value_label' group by [Inventory Location Information].SHELF, [Inventory Location Information].UOM",1270,w1_g2
